ID_Venda;Data;Vendedor;Produto;Categoria;Quantidade;Valor_Unitario;Faturamento;Cidade;Forma_Pagamento
1;08/01/2026;Bruno;Monitor;Informática;1;950,00;950,00;São José dos Pinhais;Boleto
2;19/01/2026;Diego;Monitor;Informática;5;902,50;4512,50;Curitiba;PIX
3;17/01/2026;Fernanda;Monitor;Informática;2;950,00;1900,00;Curitiba;Boleto
4;08/01/2026;Diego;Mouse;Acessórios;5;120,00;600,00;Araucária;Cartão
5;11/01/2026;Carla;Notebook;Informática;2;3200,00;6400,00;São José dos Pinhais;PIX
6;13/01/2026;Ana;Mesa;Móveis;1;1045,00;1045,00;Colombo;Cartão
7;18/01/2026;Ana;Cadeira;Móveis;1;850,00;850,00;Pinhais;PIX
8;19/01/2026;Bruno;Cadeira;Móveis;5;850,00;4250,00;Curitiba;PIX
9;28/01/2026;Bruno;Mouse;Acessórios;3;114,00;342,00;Curitiba;Cartão
10;06/01/2026;Carla;Cadeira;Móveis;4;850,00;3400,00;Colombo;PIX
11;21/01/2026;Bruno;Cadeira;Móveis;1;892,50;892,50;Araucária;Boleto
12;13/01/2026;Carla;Mouse;Acessórios;2;120,00;240,00;Araucária;PIX
13;27/01/2026;Ana;Mesa;Móveis;1;1100,00;1100,00;Colombo;Cartão
14;19/01/2026;Gabriel;Cadeira;Móveis;1;850,00;850,00;Colombo;PIX
15;05/01/2026;Carla;Papel A4;Escritório;4;32,00;128,00;São José dos Pinhais;PIX
16;19/01/2026;Diego;Cadeira;Móveis;5;850,00;4250,00;Colombo;PIX
17;03/01/2026;Ana;Teclado;Acessórios;5;180,00;900,00;Curitiba;PIX
18;03/01/2026;Diego;Teclado;Acessórios;4;189,00;756,00;Pinhais;Boleto
19;18/01/2026;Ana;Papel A4;Escritório;5;32,00;160,00;Curitiba;Boleto
20;10/01/2026;Diego;Cadeira;Móveis;3;807,50;2422,50;São José dos Pinhais;Cartão
21;25/01/2026;Bruno;Notebook;Informática;3;3360,00;10080,00;Araucária;PIX
22;07/01/2026;Bruno;Cadeira;Móveis;5;892,50;4462,50;Colombo;PIX
23;16/01/2026;Ana;Notebook;Informática;5;3200,00;16000,00;Curitiba;Cartão
24;08/01/2026;Fernanda;Cadeira;Móveis;2;807,50;1615,00;Curitiba;PIX
25;25/01/2026;Bruno;Papel A4;Escritório;1;33,60;33,60;São José dos Pinhais;Boleto
26;09/01/2026;Fernanda;Papel A4;Escritório;5;32,00;160,00;Araucária;Cartão
27;23/01/2026;Carla;Mouse;Acessórios;5;120,00;600,00;Pinhais;Boleto
28;15/01/2026;Ana;Mesa;Móveis;4;1155,00;4620,00;São José dos Pinhais;PIX
29;19/01/2026;Fernanda;Monitor;Informática;3;902,50;2707,50;São José dos Pinhais;Boleto
30;23/01/2026;Gabriel;Mouse;Acessórios;1;114,00;114,00;Curitiba;PIX
31;03/01/2026;Fernanda;Monitor;Informática;1;950,00;950,00;São José dos Pinhais;Cartão
32;05/01/2026;Gabriel;Papel A4;Escritório;2;33,60;67,20;Araucária;Boleto
33;26/01/2026;Diego;Papel A4;Escritório;2;32,00;64,00;São José dos Pinhais;PIX
34;14/01/2026;Diego;Monitor;Informática;4;950,00;3800,00;Pinhais;Boleto
35;13/01/2026;Gabriel;Notebook;Informática;1;3040,00;3040,00;Colombo;PIX
36;18/01/2026;Diego;Mouse;Acessórios;2;120,00;240,00;São José dos Pinhais;Cartão
37;08/01/2026;Ana;Teclado;Acessórios;3;180,00;540,00;Pinhais;Boleto
38;27/01/2026;Ana;Monitor;Informática;1;997,50;997,50;Curitiba;PIX
39;16/01/2026;Bruno;Teclado;Acessórios;4;180,00;720,00;Pinhais;PIX
40;13/01/2026;Carla;Teclado;Acessórios;4;171,00;684,00;Pinhais;Cartão
41;05/02/2026;Bruno;Impressora;Escritório;5;780,00;3900,00;Colombo;PIX
42;02/02/2026;Gabriel;Notebook;Informática;5;3360,00;16800,00;Colombo;PIX
43;17/02/2026;Fernanda;Notebook;Informática;5;3200,00;16000,00;São José dos Pinhais;PIX
44;20/02/2026;Ana;Monitor;Informática;2;902,50;1805,00;São José dos Pinhais;Cartão
45;19/02/2026;Fernanda;Monitor;Informática;5;950,00;4750,00;Curitiba;Boleto
46;19/02/2026;Fernanda;Monitor;Informática;4;997,50;3990,00;Colombo;Cartão
47;09/02/2026;Diego;Mouse;Acessórios;3;120,00;360,00;São José dos Pinhais;Boleto
48;25/02/2026;Ana;Cadeira;Móveis;4;850,00;3400,00;Curitiba;Cartão
49;07/02/2026;Fernanda;Monitor;Informática;1;997,50;997,50;Colombo;PIX
50;12/02/2026;Carla;Mesa;Móveis;1;1100,00;1100,00;São José dos Pinhais;Cartão
51;01/02/2026;Gabriel;Cadeira;Móveis;5;892,50;4462,50;Araucária;Cartão
52;04/02/2026;Ana;Monitor;Informática;2;950,00;1900,00;Araucária;PIX
53;07/02/2026;Gabriel;Cadeira;Móveis;3;892,50;2677,50;Colombo;PIX
54;09/02/2026;Ana;Cadeira;Móveis;5;850,00;4250,00;Curitiba;Boleto
55;01/02/2026;Carla;Impressora;Escritório;3;741,00;2223,00;São José dos Pinhais;Boleto
56;18/02/2026;Gabriel;Cadeira;Móveis;2;850,00;1700,00;Pinhais;Boleto
57;23/02/2026;Bruno;Notebook;Informática;1;3040,00;3040,00;Araucária;PIX
58;05/02/2026;Diego;Mesa;Móveis;5;1155,00;5775,00;São José dos Pinhais;PIX
59;12/02/2026;Bruno;Cadeira;Móveis;3;807,50;2422,50;São José dos Pinhais;Boleto
60;28/02/2026;Diego;Monitor;Informática;3;997,50;2992,50;Araucária;Boleto
61;26/02/2026;Bruno;Teclado;Acessórios;2;180,00;360,00;Pinhais;PIX
62;26/02/2026;Gabriel;Teclado;Acessórios;3;180,00;540,00;São José dos Pinhais;Cartão
63;28/02/2026;Ana;Teclado;Acessórios;1;180,00;180,00;Pinhais;PIX
64;10/02/2026;Bruno;Mouse;Acessórios;4;120,00;480,00;São José dos Pinhais;PIX
65;09/02/2026;Ana;Mouse;Acessórios;4;120,00;480,00;Colombo;Cartão
66;01/02/2026;Ana;Impressora;Escritório;5;780,00;3900,00;Colombo;PIX
67;20/02/2026;Diego;Cadeira;Móveis;1;807,50;807,50;Colombo;Boleto
68;17/02/2026;Ana;Mesa;Móveis;4;1155,00;4620,00;Pinhais;Boleto
69;23/02/2026;Diego;Mouse;Acessórios;3;114,00;342,00;Curitiba;Boleto
70;03/02/2026;Gabriel;Mouse;Acessórios;3;120,00;360,00;Colombo;Boleto
71;17/02/2026;Carla;Mesa;Móveis;1;1100,00;1100,00;Pinhais;Cartão
72;05/02/2026;Bruno;Impressora;Escritório;3;819,00;2457,00;Pinhais;Boleto
73;19/02/2026;Carla;Impressora;Escritório;2;819,00;1638,00;Pinhais;Boleto
74;07/02/2026;Diego;Notebook;Informática;3;3200,00;9600,00;Araucária;Boleto
75;15/02/2026;Gabriel;Mesa;Móveis;4;1100,00;4400,00;São José dos Pinhais;Boleto
76;10/02/2026;Fernanda;Papel A4;Escritório;2;30,40;60,80;Araucária;Cartão
77;08/02/2026;Bruno;Monitor;Informática;2;950,00;1900,00;São José dos Pinhais;PIX
78;20/02/2026;Ana;Notebook;Informática;2;3200,00;6400,00;Pinhais;Cartão
79;13/02/2026;Bruno;Mouse;Acessórios;4;120,00;480,00;São José dos Pinhais;Boleto
80;08/02/2026;Bruno;Notebook;Informática;1;3200,00;3200,00;Araucária;Cartão
81;28/03/2026;Ana;Notebook;Informática;5;3200,00;16000,00;Pinhais;PIX
82;20/03/2026;Carla;Papel A4;Escritório;5;33,60;168,00;Pinhais;Boleto
83;06/03/2026;Gabriel;Impressora;Escritório;5;780,00;3900,00;Pinhais;Cartão
84;25/03/2026;Fernanda;Cadeira;Móveis;2;850,00;1700,00;Pinhais;Boleto
85;03/03/2026;Gabriel;Mouse;Acessórios;3;120,00;360,00;Colombo;PIX
86;18/03/2026;Ana;Cadeira;Móveis;3;850,00;2550,00;São José dos Pinhais;PIX
87;23/03/2026;Bruno;Mouse;Acessórios;4;120,00;480,00;Curitiba;Cartão
88;15/03/2026;Diego;Impressora;Escritório;3;819,00;2457,00;Curitiba;PIX
89;23/03/2026;Ana;Impressora;Escritório;4;819,00;3276,00;Araucária;Cartão
90;10/03/2026;Diego;Papel A4;Escritório;1;32,00;32,00;Pinhais;Boleto
91;09/03/2026;Diego;Mouse;Acessórios;4;120,00;480,00;Pinhais;PIX
92;24/03/2026;Bruno;Impressora;Escritório;3;780,00;2340,00;Pinhais;PIX
93;19/03/2026;Gabriel;Notebook;Informática;4;3360,00;13440,00;Curitiba;PIX
94;06/03/2026;Ana;Impressora;Escritório;2;780,00;1560,00;Colombo;Cartão
95;11/03/2026;Carla;Mesa;Móveis;2;1100,00;2200,00;Pinhais;Cartão
96;16/03/2026;Ana;Impressora;Escritório;3;741,00;2223,00;Araucária;PIX
97;25/03/2026;Gabriel;Mesa;Móveis;2;1045,00;2090,00;Curitiba;PIX
98;20/03/2026;Bruno;Mouse;Acessórios;2;114,00;228,00;São José dos Pinhais;PIX
99;07/03/2026;Diego;Papel A4;Escritório;1;33,60;33,60;Colombo;Cartão
100;24/03/2026;Gabriel;Teclado;Acessórios;5;189,00;945,00;Curitiba;PIX
101;01/03/2026;Carla;Cadeira;Móveis;1;892,50;892,50;Araucária;Boleto
102;03/03/2026;Fernanda;Impressora;Escritório;4;780,00;3120,00;São José dos Pinhais;PIX
103;26/03/2026;Fernanda;Cadeira;Móveis;5;807,50;4037,50;Curitiba;Cartão
104;17/03/2026;Gabriel;Impressora;Escritório;3;741,00;2223,00;Colombo;PIX
105;14/03/2026;Carla;Impressora;Escritório;4;741,00;2964,00;Pinhais;Boleto
106;24/03/2026;Fernanda;Teclado;Acessórios;4;180,00;720,00;Colombo;Boleto
107;27/03/2026;Gabriel;Papel A4;Escritório;4;32,00;128,00;Araucária;Cartão
108;09/03/2026;Diego;Mesa;Móveis;2;1045,00;2090,00;São José dos Pinhais;Cartão
109;16/03/2026;Carla;Impressora;Escritório;3;741,00;2223,00;São José dos Pinhais;Cartão
110;11/03/2026;Carla;Mouse;Acessórios;3;120,00;360,00;Araucária;Boleto
111;17/03/2026;Bruno;Cadeira;Móveis;5;807,50;4037,50;Curitiba;PIX
112;25/03/2026;Bruno;Impressora;Escritório;4;819,00;3276,00;Pinhais;Boleto
113;03/03/2026;Carla;Papel A4;Escritório;4;30,40;121,60;São José dos Pinhais;Cartão
114;12/03/2026;Diego;Mouse;Acessórios;3;126,00;378,00;Araucária;Boleto
115;11/03/2026;Carla;Mesa;Móveis;4;1155,00;4620,00;Pinhais;Cartão
116;04/03/2026;Gabriel;Cadeira;Móveis;3;850,00;2550,00;São José dos Pinhais;Cartão
117;07/03/2026;Bruno;Monitor;Informática;5;950,00;4750,00;Pinhais;Cartão
118;10/03/2026;Bruno;Cadeira;Móveis;1;850,00;850,00;Colombo;PIX
119;05/03/2026;Carla;Cadeira;Móveis;1;892,50;892,50;Curitiba;PIX
120;04/03/2026;Ana;Cadeira;Móveis;2;850,00;1700,00;Araucária;Cartão
121;11/04/2026;Bruno;Papel A4;Escritório;4;32,00;128,00;Curitiba;Cartão
122;13/04/2026;Diego;Papel A4;Escritório;1;30,40;30,40;Curitiba;Boleto
123;26/04/2026;Fernanda;Notebook;Informática;2;3200,00;6400,00;Colombo;PIX
124;25/04/2026;Diego;Mouse;Acessórios;1;126,00;126,00;Araucária;Boleto
125;15/04/2026;Diego;Mouse;Acessórios;5;120,00;600,00;Colombo;Boleto
126;20/04/2026;Ana;Impressora;Escritório;3;819,00;2457,00;Araucária;Boleto
127;09/04/2026;Gabriel;Monitor;Informática;2;950,00;1900,00;Curitiba;PIX
128;03/04/2026;Bruno;Mouse;Acessórios;2;126,00;252,00;Curitiba;Cartão
129;10/04/2026;Ana;Papel A4;Escritório;5;32,00;160,00;São José dos Pinhais;Cartão
130;22/04/2026;Bruno;Cadeira;Móveis;4;807,50;3230,00;Colombo;Boleto
131;18/04/2026;Bruno;Mouse;Acessórios;4;114,00;456,00;São José dos Pinhais;Cartão
132;06/04/2026;Carla;Teclado;Acessórios;1;171,00;171,00;Araucária;Boleto
133;15/04/2026;Gabriel;Cadeira;Móveis;4;807,50;3230,00;Colombo;Boleto
134;18/04/2026;Diego;Impressora;Escritório;3;819,00;2457,00;Pinhais;PIX
135;20/04/2026;Carla;Notebook;Informática;4;3200,00;12800,00;Curitiba;PIX
136;01/04/2026;Gabriel;Mouse;Acessórios;5;126,00;630,00;Colombo;Boleto
137;17/04/2026;Gabriel;Notebook;Informática;2;3200,00;6400,00;Pinhais;Cartão
138;21/04/2026;Diego;Teclado;Acessórios;5;180,00;900,00;Curitiba;Cartão
139;11/04/2026;Gabriel;Mesa;Móveis;4;1100,00;4400,00;Curitiba;PIX
140;10/04/2026;Gabriel;Mesa;Móveis;4;1100,00;4400,00;Pinhais;Boleto
141;11/04/2026;Carla;Notebook;Informática;4;3040,00;12160,00;Colombo;PIX
142;22/04/2026;Fernanda;Impressora;Escritório;5;741,00;3705,00;Pinhais;Cartão
143;12/04/2026;Fernanda;Notebook;Informática;2;3360,00;6720,00;Pinhais;Boleto
144;09/04/2026;Fernanda;Papel A4;Escritório;1;32,00;32,00;São José dos Pinhais;Cartão
145;01/04/2026;Gabriel;Papel A4;Escritório;4;30,40;121,60;Araucária;PIX
146;01/04/2026;Fernanda;Teclado;Acessórios;3;189,00;567,00;Pinhais;PIX
147;04/04/2026;Gabriel;Mouse;Acessórios;1;120,00;120,00;São José dos Pinhais;Cartão
148;14/04/2026;Diego;Cadeira;Móveis;5;850,00;4250,00;Pinhais;PIX
149;13/04/2026;Bruno;Papel A4;Escritório;5;32,00;160,00;Araucária;Boleto
150;25/04/2026;Diego;Teclado;Acessórios;1;180,00;180,00;Colombo;Boleto
151;24/04/2026;Carla;Cadeira;Móveis;1;850,00;850,00;Araucária;Boleto
152;18/04/2026;Diego;Papel A4;Escritório;2;32,00;64,00;Colombo;Cartão
153;28/04/2026;Bruno;Impressora;Escritório;4;780,00;3120,00;São José dos Pinhais;Boleto
154;02/04/2026;Carla;Impressora;Escritório;2;780,00;1560,00;Pinhais;Boleto
155;16/04/2026;Ana;Impressora;Escritório;4;780,00;3120,00;São José dos Pinhais;Boleto
156;04/04/2026;Fernanda;Mesa;Móveis;1;1100,00;1100,00;Pinhais;PIX
157;03/04/2026;Diego;Teclado;Acessórios;4;180,00;720,00;Colombo;Cartão
158;28/04/2026;Gabriel;Impressora;Escritório;1;780,00;780,00;Araucária;Cartão
159;02/04/2026;Fernanda;Mesa;Móveis;4;1155,00;4620,00;Curitiba;PIX
160;14/04/2026;Ana;Cadeira;Móveis;2;807,50;1615,00;Curitiba;Cartão
161;02/05/2026;Carla;Teclado;Acessórios;3;171,00;513,00;Curitiba;Cartão
162;05/05/2026;Bruno;Mesa;Móveis;3;1100,00;3300,00;Araucária;Cartão
163;03/05/2026;Fernanda;Teclado;Acessórios;2;180,00;360,00;Pinhais;Boleto
164;05/05/2026;Bruno;Mouse;Acessórios;4;126,00;504,00;Pinhais;Boleto
165;22/05/2026;Ana;Cadeira;Móveis;4;850,00;3400,00;Pinhais;Cartão
166;12/05/2026;Fernanda;Teclado;Acessórios;1;180,00;180,00;Colombo;Boleto
167;28/05/2026;Carla;Impressora;Escritório;3;780,00;2340,00;São José dos Pinhais;Cartão
168;13/05/2026;Fernanda;Papel A4;Escritório;1;32,00;32,00;Colombo;Boleto
169;27/05/2026;Gabriel;Cadeira;Móveis;3;807,50;2422,50;Pinhais;Cartão
170;20/05/2026;Gabriel;Notebook;Informática;5;3040,00;15200,00;Pinhais;Cartão
171;08/05/2026;Gabriel;Mouse;Acessórios;5;120,00;600,00;São José dos Pinhais;Boleto
172;21/05/2026;Gabriel;Cadeira;Móveis;2;807,50;1615,00;Curitiba;Cartão
173;12/05/2026;Gabriel;Papel A4;Escritório;1;33,60;33,60;São José dos Pinhais;PIX
174;06/05/2026;Bruno;Cadeira;Móveis;3;850,00;2550,00;São José dos Pinhais;Boleto
175;09/05/2026;Bruno;Mesa;Móveis;5;1155,00;5775,00;Colombo;Cartão
176;15/05/2026;Ana;Cadeira;Móveis;3;807,50;2422,50;São José dos Pinhais;PIX
177;03/05/2026;Diego;Impressora;Escritório;5;780,00;3900,00;Curitiba;Cartão
178;22/05/2026;Gabriel;Monitor;Informática;4;950,00;3800,00;Colombo;Boleto
179;22/05/2026;Bruno;Impressora;Escritório;3;741,00;2223,00;Pinhais;PIX
180;21/05/2026;Ana;Mesa;Móveis;5;1100,00;5500,00;Pinhais;Boleto
181;05/05/2026;Ana;Cadeira;Móveis;4;807,50;3230,00;Curitiba;Cartão
182;08/05/2026;Fernanda;Papel A4;Escritório;1;30,40;30,40;São José dos Pinhais;Cartão
183;14/05/2026;Fernanda;Papel A4;Escritório;3;33,60;100,80;São José dos Pinhais;Cartão
184;14/05/2026;Carla;Monitor;Informática;4;997,50;3990,00;Curitiba;Boleto
185;15/05/2026;Bruno;Mesa;Móveis;2;1100,00;2200,00;Colombo;PIX
186;02/05/2026;Diego;Mesa;Móveis;5;1100,00;5500,00;Colombo;PIX
187;22/05/2026;Bruno;Monitor;Informática;4;902,50;3610,00;Araucária;PIX
188;05/05/2026;Fernanda;Notebook;Informática;3;3200,00;9600,00;São José dos Pinhais;PIX
189;27/05/2026;Bruno;Mouse;Acessórios;5;120,00;600,00;Colombo;PIX
190;05/05/2026;Fernanda;Notebook;Informática;3;3200,00;9600,00;Colombo;PIX
191;01/05/2026;Carla;Monitor;Informática;1;950,00;950,00;São José dos Pinhais;Boleto
192;09/05/2026;Ana;Mesa;Móveis;1;1100,00;1100,00;São José dos Pinhais;Boleto
193;24/05/2026;Ana;Impressora;Escritório;5;741,00;3705,00;Pinhais;Cartão
194;04/05/2026;Diego;Mesa;Móveis;5;1155,00;5775,00;Araucária;PIX
195;15/05/2026;Gabriel;Notebook;Informática;5;3200,00;16000,00;Curitiba;PIX
196;22/05/2026;Ana;Papel A4;Escritório;4;32,00;128,00;Pinhais;Boleto
197;11/05/2026;Fernanda;Papel A4;Escritório;1;30,40;30,40;São José dos Pinhais;PIX
198;21/05/2026;Fernanda;Teclado;Acessórios;3;189,00;567,00;Araucária;Boleto
199;17/05/2026;Carla;Mesa;Móveis;4;1155,00;4620,00;Pinhais;Boleto
200;28/05/2026;Gabriel;Impressora;Escritório;1;741,00;741,00;Araucária;Boleto
201;08/06/2026;Diego;Mouse;Acessórios;4;120,00;480,00;Colombo;Cartão
202;11/06/2026;Diego;Impressora;Escritório;4;741,00;2964,00;Colombo;Boleto
203;22/06/2026;Diego;Cadeira;Móveis;3;850,00;2550,00;Curitiba;PIX
204;04/06/2026;Gabriel;Monitor;Informática;1;950,00;950,00;Colombo;PIX
205;18/06/2026;Carla;Notebook;Informática;5;3360,00;16800,00;Curitiba;Cartão
206;10/06/2026;Fernanda;Mesa;Móveis;4;1045,00;4180,00;Colombo;Cartão
207;07/06/2026;Bruno;Monitor;Informática;5;997,50;4987,50;Pinhais;PIX
208;12/06/2026;Ana;Monitor;Informática;3;997,50;2992,50;Colombo;Boleto
209;25/06/2026;Fernanda;Mouse;Acessórios;4;126,00;504,00;Araucária;Boleto
210;01/06/2026;Bruno;Notebook;Informática;5;3200,00;16000,00;Colombo;Boleto
211;01/06/2026;Bruno;Cadeira;Móveis;3;850,00;2550,00;São José dos Pinhais;Boleto
212;24/06/2026;Gabriel;Impressora;Escritório;1;780,00;780,00;Curitiba;PIX
213;15/06/2026;Carla;Mouse;Acessórios;4;120,00;480,00;São José dos Pinhais;Cartão
214;20/06/2026;Ana;Cadeira;Móveis;3;892,50;2677,50;Curitiba;PIX
215;22/06/2026;Ana;Teclado;Acessórios;5;171,00;855,00;Colombo;Cartão
216;15/06/2026;Diego;Impressora;Escritório;4;819,00;3276,00;Colombo;PIX
217;04/06/2026;Carla;Monitor;Informática;3;950,00;2850,00;Araucária;Cartão
218;13/06/2026;Fernanda;Cadeira;Móveis;1;850,00;850,00;Curitiba;PIX
219;25/06/2026;Bruno;Mouse;Acessórios;3;120,00;360,00;Colombo;Cartão
220;16/06/2026;Gabriel;Mesa;Móveis;1;1045,00;1045,00;Pinhais;PIX
221;23/06/2026;Bruno;Teclado;Acessórios;4;189,00;756,00;Araucária;Boleto
222;28/06/2026;Gabriel;Mesa;Móveis;1;1100,00;1100,00;Curitiba;Cartão
223;28/06/2026;Carla;Notebook;Informática;4;3040,00;12160,00;Araucária;Cartão
224;04/06/2026;Diego;Impressora;Escritório;4;780,00;3120,00;Curitiba;Cartão
225;27/06/2026;Gabriel;Teclado;Acessórios;5;180,00;900,00;Colombo;PIX
226;14/06/2026;Fernanda;Impressora;Escritório;1;780,00;780,00;Pinhais;Boleto
227;24/06/2026;Carla;Monitor;Informática;4;950,00;3800,00;São José dos Pinhais;Cartão
228;21/06/2026;Ana;Teclado;Acessórios;1;189,00;189,00;Araucária;Boleto
229;24/06/2026;Gabriel;Mouse;Acessórios;3;120,00;360,00;São José dos Pinhais;PIX
230;07/06/2026;Bruno;Monitor;Informática;2;950,00;1900,00;Araucária;PIX
231;15/06/2026;Fernanda;Monitor;Informática;2;950,00;1900,00;Araucária;Cartão
232;15/06/2026;Ana;Mesa;Móveis;3;1100,00;3300,00;Pinhais;Cartão
233;02/06/2026;Carla;Cadeira;Móveis;3;892,50;2677,50;Araucária;PIX
234;02/06/2026;Ana;Cadeira;Móveis;4;850,00;3400,00;Colombo;Cartão
235;20/06/2026;Fernanda;Monitor;Informática;1;997,50;997,50;Pinhais;Cartão
236;21/06/2026;Bruno;Notebook;Informática;4;3360,00;13440,00;Colombo;Boleto
237;02/06/2026;Diego;Papel A4;Escritório;5;32,00;160,00;Curitiba;Cartão
238;02/06/2026;Bruno;Monitor;Informática;5;950,00;4750,00;Pinhais;Cartão
239;10/06/2026;Diego;Teclado;Acessórios;3;180,00;540,00;Pinhais;Cartão
240;11/06/2026;Ana;Notebook;Informática;3;3040,00;9120,00;Araucária;Boleto
